{
    "val_accuracy": 0.9248826291079812,
    "val_precision": 1.0,
    "val_recall": 0.4482758620689655,
    "val_f1": 0.6190476190476191,
    "test_accuracy": 0.9252336448598131,
    "test_precision": 1.0,
    "test_recall": 0.42857142857142855,
    "test_f1": 0.6,
    "pipeline_parameters": {
        "window_size": 20,
        "stride": 1,
        "train_ratio": 0.7,
        "val_ratio": 0.15,
        "test_ratio": 0.15
    },
    "model_parameters": {
        "model_name": "RandomForestClassifier",
        "n_estimators": 200,
        "random_state": 42
    }
}