{
    "val_accuracy": 0.9107981220657277,
    "val_precision": 1.0,
    "val_recall": 0.3448275862068966,
    "val_f1": 0.5128205128205128,
    "test_accuracy": 0.9158878504672897,
    "test_precision": 0.9166666666666666,
    "test_recall": 0.39285714285714285,
    "test_f1": 0.55,
    "pipeline_parameters": {
        "window_size": 20,
        "stride": 1,
        "train_ratio": 0.7,
        "val_ratio": 0.15,
        "test_ratio": 0.15
    },
    "model_parameters": {
        "model_name": "RandomForestClassifier",
        "n_estimators": 100,
        "random_state": 42
    }
}