{
    "val_accuracy": 0.958139534883721,
    "val_precision": 1.0,
    "val_recall": 0.6896551724137931,
    "val_f1": 0.8163265306122449,
    "test_accuracy": 0.9441860465116279,
    "test_precision": 0.9444444444444444,
    "test_recall": 0.6071428571428571,
    "test_f1": 0.7391304347826086,
    "pipeline_parameters": {
        "window_size": 10,
        "stride": 1,
        "train_ratio": 0.7,
        "val_ratio": 0.15,
        "test_ratio": 0.15
    },
    "model_parameters": {
        "model_name": "RandomForestClassifier",
        "n_estimators": 200,
        "random_state": 42
    }
}