{
    "model_architecture_description": "Random Forest Classifier for binary classification.",
    "hyperparameters": {
        "n_estimators": 100,
        "max_depth": 10,
        "random_seed": 42
    },
    "evaluation_metrics": {
        "accuracy": 0.984083850931677,
        "precision": 0.8529411764705882,
        "recall": 0.5105633802816901,
        "f1_score": 0.6387665198237885,
        "roc_auc_score": 0.9562598394759776
    }
}