{
    "evaluation_metrics": {
        "val_loss": 0.08240064233541489,
        "val_accuracy": 0.9827251434326172,
        "accuracy": 0.9827251552795031,
        "precision": 0.6906474820143885,
        "recall": 0.676056338028169,
        "f1_score": 0.6832740213523132,
        "roc_auc": 0.9709348907818165,
        "confusion_matrix": [
            [
                9934,
                86
            ],
            [
                92,
                192
            ]
        ]
    },
    "hyperparameters": {
        "epochs": 30,
        "batch_size": 32,
        "optimizer": "adam",
        "loss_function": "binary_crossentropy",
        "model_metrics": [
            "accuracy"
        ],
        "task_type": "binary_classification"
    },
    "model_architecture_summary": "Model: \"sequential\"\n_________________________________________________________________\n Layer (type)                Output Shape              Param #   \n=================================================================\n lstm (LSTM)                 (None, 128)               322048    \n                                                                 \n dense (Dense)               (None, 64)                8256      \n                                                                 \n dense_1 (Dense)             (None, 1)                 65        \n                                                                 \n=================================================================\nTotal params: 330369 (1.26 MB)\nTrainable params: 330369 (1.26 MB)\nNon-trainable params: 0 (0.00 Byte)\n_________________________________________________________________",
    "training_history": {
        "loss": [
            0.10076727718114853,
            0.06585835665464401,
            0.06048180162906647,
            0.044580698013305664,
            0.04371184483170509,
            0.040499404072761536,
            0.043906282633543015,
            0.02918083406984806,
            0.026097197085618973,
            0.030294107273221016,
            0.02785433642566204,
            0.02856031060218811,
            0.019048159942030907,
            0.021998051553964615,
            0.02383345738053322,
            0.02440067008137703,
            0.024071142077445984,
            0.023457620292901993,
            0.021843504160642624,
            0.021303771063685417,
            0.016277018934488297,
            0.017041875049471855,
            0.01859814114868641,
            0.01587674953043461,
            0.0225627813488245,
            0.027297772467136383,
            0.023217719048261642,
            0.02412869781255722,
            0.024266831576824188,
            0.016901668161153793
        ],
        "accuracy": [
            0.9705616235733032,
            0.9757375717163086,
            0.9785196781158447,
            0.9818840622901917,
            0.9842779636383057,
            0.9866071343421936,
            0.9845367670059204,
            0.9890010356903076,
            0.9906185269355774,
            0.9896480441093445,
            0.9895833134651184,
            0.9903597235679626,
            0.992818295955658,
            0.9919125437736511,
            0.9919125437736511,
            0.9915890097618103,
            0.9912008047103882,
            0.9913302063941956,
            0.9920419454574585,
            0.9923007488250732,
            0.9945005178451538,
            0.9942417144775391,
            0.9936594367027283,
            0.9939829111099243,
            0.991847813129425,
            0.988806962966919,
            0.9916537404060364,
            0.9923654198646545,
            0.9915890097618103,
            0.9943711161613464
        ],
        "val_loss": [
            0.06340716779232025,
            0.07177295535802841,
            0.057218171656131744,
            0.0553935170173645,
            0.07732390612363815,
            0.07417501509189606,
            0.0642985850572586,
            0.057408109307289124,
            0.06189937889575958,
            0.06529711931943893,
            0.06448450684547424,
            0.06091611832380295,
            0.0849992036819458,
            0.07287885993719101,
            0.08363166451454163,
            0.08407223224639893,
            0.09367778152227402,
            0.07141043990850449,
            0.08538654446601868,
            0.08469130843877792,
            0.07622899115085602,
            0.0875776931643486,
            0.08083516359329224,
            0.08748095482587814,
            0.10413277894258499,
            0.07426752150058746,
            0.0792725458741188,
            0.07614914327859879,
            0.07326257228851318,
            0.08240064233541489
        ],
        "val_accuracy": [
            0.9756405353546143,
            0.9767080545425415,
            0.9790372848510742,
            0.979619562625885,
            0.9775815010070801,
            0.9787461161613464,
            0.9813664555549622,
            0.9845690727233887,
            0.9822399020195007,
            0.9815605878829956,
            0.983016312122345,
            0.9827251434326172,
            0.983016312122345,
            0.9827251434326172,
            0.981948733329773,
            0.9837927222251892,
            0.9818516969680786,
            0.9825310707092285,
            0.9792313575744629,
            0.9808812141418457,
            0.9834045171737671,
            0.9834045171737671,
            0.9818516969680786,
            0.9851514101028442,
            0.9797165989875793,
            0.984375,
            0.9820458292961121,
            0.9833074808120728,
            0.9836956262588501,
            0.9827251434326172
        ]
    }
}