{
    "metrics": {
        "accuracy": 0.8467585403726708,
        "precision": 0.061611374407582936,
        "recall": 0.3204225352112676,
        "f1_score": 0.1033503691084611,
        "roc_auc": 0.6348960529644936,
        "train_loss": 0.6769978404045105,
        "train_accuracy": 0.6806418299674988,
        "val_loss": 0.6746153831481934,
        "val_accuracy": 0.8252134919166565
    },
    "hyperparameters": {
        "epochs": 10,
        "batch_size": 64,
        "random_seed": 42,
        "optimizer": "Adam",
        "early_stopping_patience": 10,
        "reduce_lr_factor": 0.5,
        "reduce_lr_patience": 5,
        "reduce_lr_min_lr": 1e-05
    },
    "model_architecture_description": "LSTM model with 2 LSTM layers (64 units, return_sequences=True; 32 units), with 0.2 dropout after each LSTM layer. Followed by 2 Dense layers (64, 32 units, relu activation) with 0.5 dropout after each. Final Dense layer with 1 unit and sigmoid activation."
}