{
    "metrics": {
        "accuracy": 0.8982919254658385,
        "precision": 0.13962264150943396,
        "recall": 0.5211267605633803,
        "f1_score": 0.22023809523809523,
        "roc_auc": 0.7826066177504146,
        "train_loss": 0.5456173419952393,
        "train_accuracy": 0.8109471797943115,
        "val_loss": 0.4778335392475128,
        "val_accuracy": 0.8982919454574585
    },
    "hyperparameters": {
        "epochs": 30,
        "batch_size": 64,
        "random_seed": 42,
        "optimizer": "Adam",
        "early_stopping_patience": 10,
        "reduce_lr_factor": 0.5,
        "reduce_lr_patience": 5,
        "reduce_lr_min_lr": 1e-05
    },
    "model_architecture_description": "LSTM model with 2 LSTM layers (64 units, return_sequences=True; 32 units), with 0.2 dropout after each LSTM layer. Followed by 2 Dense layers (64, 32 units, relu activation) with 0.5 dropout after each. Final Dense layer with 1 unit and sigmoid activation."
}